{
  "Total" : {
    "transaction" : "Total",
    "sampleCount" : 24,
    "errorCount" : 0,
    "errorPct" : 0.0,
    "meanResTime" : 1729.8750000000002,
    "medianResTime" : 266.5,
    "minResTime" : 232.0,
    "maxResTime" : 3971.0,
    "pct1ResTime" : 3939.0,
    "pct2ResTime" : 3965.25,
    "pct3ResTime" : 3971.0,
    "throughput" : 5.631159080244017,
    "receivedKBytesPerSec" : 2.539704070858752,
    "sentKBytesPerSec" : 1.6827487095260443
  },
  "HTTP Request" : {
    "transaction" : "HTTP Request",
    "sampleCount" : 24,
    "errorCount" : 0,
    "errorPct" : 0.0,
    "meanResTime" : 1729.8750000000002,
    "medianResTime" : 266.5,
    "minResTime" : 232.0,
    "maxResTime" : 3971.0,
    "pct1ResTime" : 3939.0,
    "pct2ResTime" : 3965.25,
    "pct3ResTime" : 3971.0,
    "throughput" : 5.631159080244017,
    "receivedKBytesPerSec" : 2.539704070858752,
    "sentKBytesPerSec" : 1.6827487095260443
  }
}